<?xml version="1.0" encoding="utf-8"?>
<manifest identifier="_6ZkvN3pAgBk_course_id" version="1.0" xmlns="http://www.imsproject.org/xsd/imscp_rootv1p1p2" xmlns:adlcp="http://www.adlnet.org/xsd/adlcp_rootv1p2" xmlns:xsi="http://www.w3.org/2001/XMLSchema-instance" xsi:schemaLocation="http://www.imsproject.org/xsd/imscp_rootv1p1p2 imscp_rootv1p1p2.xsd http://www.imsglobal.org/xsd/imsmd_rootv1p2p1 imsmd_rootv1p2p1.xsd http://www.adlnet.org/xsd/adlcp_rootv1p2 adlcp_rootv1p2.xsd">
	<metadata>
		<schema>ADL SCORM</schema>
		<schemaversion>1.2</schemaversion>
		<lom xmlns="http://www.imsglobal.org/xsd/imsmd_rootv1p2p1" xmlns:xsi="http://www.w3.org/2001/XMLSchema-instance" xsi:schemaLocation="http://www.imsglobal.org/xsd/imsmd_rootv1p2p1 imsmd_rootv1p2p1.xsd">
			<general>
				<title>
					<langstring xml:lang="x-none">Game Steel</langstring>
				</title>
				<description>
					<langstring xml:lang="x-none">Practice Activity for Module
Keywords: Game Steel</langstring>
				</description>
				<keyword>
				  	<langstring xml:lang="x-none">Game Steel</langstring>
        			</keyword>
			</general>
			<lifecycle>
				<version>
					<langstring xml:lang="x-none">1</langstring>
				</version>
				<status>
					<source>
						<langstring xml:lang="x-none">LOMv1.0</langstring>
					</source>
					<value>
						<langstring xml:lang="x-none">Final</langstring>
					</value>
				</status>
			</lifecycle>
			<metametadata>
				<metadatascheme>ADL SCORM 1.2</metadatascheme>
			</metametadata>
			<educational>
				<typicallearningtime>
					<datetime>PT0H0M0S</datetime>
				</typicallearningtime>
			</educational>
			<rights>
				<cost>
					<source>
						<langstring xml:lang="x-none">LOMv1.0</langstring>
					</source>
					<value>
						<langstring xml:lang="x-none">yes</langstring>
					</value>
				</cost>
				<copyrightandotherrestrictions>
					<source>
						<langstring xml:lang="x-none">LOMv1.0</langstring>
					</source>
					<value>
						<langstring xml:lang="x-none">yes</langstring>
					</value>
				</copyrightandotherrestrictions>
			</rights>
		</lom>
	</metadata>
	<organizations default="Game_Steel_ORG">
		<organization identifier="Game_Steel_ORG">
			<title>Game Steel</title>
			<item identifier="ejemplo_4_cuadros_SCO" isvisible="true" identifierref="__6ZkvN3pAgBk_course_id_RES">
				<title>Game Steel</title>
				<adlcp:masteryscore>80</adlcp:masteryscore>
			</item>
		</organization>
	</organizations>
	<resources>
	    <resource identifier="__6ZkvN3pAgBk_course_id_RES" type="webcontent" href="index_lms.html" adlcp:scormtype="sco">
		<file href="story_content/thumbnail.jpg"/>
<file href="story_content/6MYai2s879i_80_DX636_DY636.swf"/>
<file href="mobile/6MYai2s879i_80_DX636_DY636_CX318_CY300.png"/>
<file href="story_content/5edFH40VxqJ_80_DX648_DY648.swf"/>
<file href="mobile/5edFH40VxqJ_80_DX648_DY648_CX190_CY324.png"/>
<file href="story_content/61DnpaImxp8_X_80_DX1166_DY1166.swf"/>
<file href="mobile/61DnpaImxp8_X_80_DX1166_DY1166_CX424_CY872.png"/>
<file href="story_content/5z6CYDHajME_X_80_DX1166_DY1166.swf"/>
<file href="mobile/5z6CYDHajME_X_80_DX1166_DY1166_CX421_CY873.png"/>
<file href="story_content/5wsSMNlojcQ_80_P_0_0_691_1002_DX1136_DY1136.swf"/>
<file href="mobile/5wsSMNlojcQ_80_P_0_0_691_1002_DX1136_DY1136_CX288_CY417.png"/>
<file href="story_content/txt__default_6lPM56dNZ5w.swf"/>
<file href="story_content/txt__default_6ZDd3D5leEd.swf"/>
<file href="story_content/txt__default_5mjl4US0Scv.swf"/>
<file href="story_content/txt__default_5xVvO5QQEpR.swf"/>
<file href="story_content/txt__default_5aBTM1s6kw4.swf"/>
<file href="story_content/txt__default_5WTtmi4oSg7.swf"/>
<file href="story_content/txt__default_6IRP4FC8kXr.swf"/>
<file href="story_content/txt__default_5nGwo97lNsV.swf"/>
<file href="story_content/txt__default_6IA857wLIvZ.swf"/>
<file href="story_content/txt__default_5fpj3pRMPKh.swf"/>
<file href="story_content/txt__default_6hA2J3KCGpC.swf"/>
<file href="story_content/txt__default_6OoImKMh5nH.swf"/>
<file href="story_content/txt__default_5x03bs6Jou1.swf"/>
<file href="story_content/txt__default_5aUwoQ3ZiHM.swf"/>
<file href="story_content/5edFH40VxqJ_80_P_0_125_189_198_DX648_DY648.swf"/>
<file href="mobile/5edFH40VxqJ_80_P_0_125_189_198_DX648_DY648_CX190_CY198.png"/>
<file href="story_content/txt__default_5Z4okeGsWGm.swf"/>
<file href="story_content/txt__default_6lbVcJDxe0Q.swf"/>
<file href="story_content/txt__default_5yf551IBbtE.swf"/>
<file href="story_content/txt__default_5jQTD9KwzFE.swf"/>
<file href="story_content/txt__default_6rS5bVfIrnE.swf"/>
<file href="story_content/txt__default_5ccSSxYZyTj.swf"/>
<file href="story_content/txt__default_6C7jqCYf8Bz.swf"/>
<file href="story_content/txt__default_67YSmposFLp.swf"/>
<file href="story_content/txt__default_6iDVZWJrNui.swf"/>
<file href="story_content/txt__default_66xfPYk58cz.swf"/>
<file href="story_content/txt__default_5rVV7kvbMut.swf"/>
<file href="story_content/txt__default_5zspopg9rDQ.swf"/>
<file href="story_content/report.html"/>
<file href="story_content/6EmZShdLiZR_80_DX1442_DY1442.jpg"/>
<file href="mobile/6EmZShdLiZR_80_DX1442_DY1442_CX814_CY612.jpg"/>
<file href="story_content/6R8LZ5mP4l7_80_P_0_0_803_1115_DX1064_DY1064.swf"/>
<file href="mobile/6R8LZ5mP4l7_80_P_0_0_803_1115_DX1064_DY1064_CX313_CY435.png"/>
<file href="story_content/6n6FlwFTINJ_80_P_0_0_755_1039_DX1212_DY1212.swf"/>
<file href="mobile/6n6FlwFTINJ_80_P_0_0_755_1039_DX1212_DY1212_CX336_CY462.png"/>
<file href="meta.xml"/>
<file href="story_content/FontFactory.swf"/>
<file href="story_content/fonts.swf"/>
<file href="story_content/frame.xml"/>
<file href="story_content/frame.json"/>
<file href="story_content/user.js"/>
<file href="mobile/txt__default_6lPM56dNZ5w.png"/>
<file href="mobile/txt__default_6ZDd3D5leEd.png"/>
<file href="mobile/txt__default_5mjl4US0Scv.png"/>
<file href="mobile/txt__default_5xVvO5QQEpR.png"/>
<file href="mobile/txt__default_5aBTM1s6kw4.png"/>
<file href="mobile/txt__default_5WTtmi4oSg7.png"/>
<file href="mobile/txt__default_6IRP4FC8kXr.png"/>
<file href="mobile/txt__default_5nGwo97lNsV.png"/>
<file href="mobile/txt__default_6IA857wLIvZ.png"/>
<file href="mobile/txt__default_5fpj3pRMPKh.png"/>
<file href="mobile/txt__default_6hA2J3KCGpC.png"/>
<file href="mobile/txt__default_6OoImKMh5nH.png"/>
<file href="mobile/txt__default_5x03bs6Jou1.png"/>
<file href="mobile/txt__default_5aUwoQ3ZiHM.png"/>
<file href="mobile/txt__default_5Z4okeGsWGm.png"/>
<file href="mobile/txt__default_6lbVcJDxe0Q.png"/>
<file href="mobile/txt__default_5yf551IBbtE.png"/>
<file href="mobile/txt__default_5jQTD9KwzFE.png"/>
<file href="mobile/txt__default_6rS5bVfIrnE.png"/>
<file href="mobile/txt__default_5ccSSxYZyTj.png"/>
<file href="mobile/txt__default_6C7jqCYf8Bz.png"/>
<file href="mobile/txt__default_67YSmposFLp.png"/>
<file href="mobile/txt__default_6iDVZWJrNui.png"/>
<file href="mobile/txt__default_66xfPYk58cz.png"/>
<file href="mobile/txt__default_5rVV7kvbMut.png"/>
<file href="mobile/txt__default_5zspopg9rDQ.png"/>
<file href="story.swf"/>
<file href="story_content/frame.swf"/>
<file href="story_content/slides/6h0Wx5QOGng.swf"/>
<file href="story_content/slides/5vidhkKwcfm.swf"/>
<file href="story_content/slides/5u4wpiN5X3X.swf"/>
<file href="story_content/slides/6Q9IGYQZ0JZ.swf"/>
<file href="story_content/slides/5imiYAgB30I.swf"/>
<file href="story_content/data.swf"/>
<file href="html5/data/css/output.min.css"/>
<file href="html5/data/js/5imiYAgB30I.js"/>
<file href="html5/data/js/5u4wpiN5X3X.js"/>
<file href="html5/data/js/5vidhkKwcfm.js"/>
<file href="html5/data/js/6h0Wx5QOGng.js"/>
<file href="html5/data/js/6Q9IGYQZ0JZ.js"/>
<file href="html5/data/js/data.js"/>
<file href="html5/data/js/frame.js"/>
<file href="html5/data/js/paths.js"/>
<file href="html5/lib/scripts/app.min.js"/>
<file href="html5/lib/stylesheets/main.min.css"/>
<file href="html5/lib/stylesheets/mobile-fonts/open-sans-bold.woff"/>
<file href="html5/lib/stylesheets/mobile-fonts/open-sans-light.woff"/>
<file href="html5/lib/stylesheets/mobile-fonts/open-sans-regular.woff"/>
<file href="story.html"/>
<file href="story_flash.html"/>
<file href="story_html5.html"/>
<file href="story_content/blank.html"/>
<file href="story_content/story.js"/>
<file href="index_lms.html"/>
<file href="index_lms_html5.html"/>
<file href="index_lms_flash.html"/>
<file href="lms/AICCComm.html"/>
<file href="lms/AICCFunctions.js"/>
<file href="lms/API.js"/>
<file href="lms/APIConstants.js"/>
<file href="lms/blank.html"/>
<file href="lms/browsersniff.js"/>
<file href="lms/Configuration.js"/>
<file href="lms/goodbye.html"/>
<file href="lms/lms.js"/>
<file href="lms/LMSAPI.js"/>
<file href="lms/NONEFunctions.js"/>
<file href="lms/SCORM2004Functions.js"/>
<file href="lms/SCORMFunctions.js"/>
<file href="lms/UtilityFunctions.js"/>
	    </resource>
	</resources>
</manifest>
